datetime,temp,dew,humidity,precip,preciptype,snow,windspeed,visibility,solarradiation,solarenergy,uvindex,severerisk,sunrise,sunset,conditions,description,icon,,holidays
1/1/2023,11,7.9,82.2,0.101,rain,0,14.2,14.6,100.5,8.7,4,10,2023-01-01T07:26:52,2023-01-01T16:56:42,"Rain, Partially cloudy",Clearing in the afternoon with morning rain.,rain,,workday
1/2/2023,10.5,6.8,79.3,0,nothing,0,14.7,15.9,65.3,5.7,4,10,2023-01-02T07:26:59,2023-01-02T16:57:31,Partially cloudy,Partly cloudy throughout the day.,partly-cloudy-day,,holidays
1/3/2023,15.2,11.3,78.5,0,nothing,0,28.5,15.6,38.6,3.4,2,10,2023-01-03T07:27:04,2023-01-03T16:58:22,Overcast,Cloudy skies throughout the day.,cloudy,,workday
1/4/2023,15.3,12.8,85.4,0,nothing,0,22.8,15.9,32.2,2.8,2,10,2023-01-04T07:27:07,2023-01-04T16:59:14,Partially cloudy,Partly cloudy throughout the day.,partly-cloudy-day,,workday
1/5/2023,13.5,7.8,70.4,0,nothing,0,20.2,15.9,71.1,6,4,10,2023-01-05T07:27:08,2023-01-05T17:00:08,Partially cloudy,Partly cloudy throughout the day.,partly-cloudy-day,,workday
1/6/2023,8.9,0.1,55.1,0,nothing,0,34.1,16,60.1,5.1,4,10,2023-01-06T07:27:07,2023-01-06T17:01:03,Partially cloudy,Partly cloudy throughout the day.,partly-cloudy-day,,workday
1/7/2023,6.6,-3.2,50.8,0,nothing,0,24.7,16,83.2,7.1,5,10,2023-01-07T07:27:04,2023-01-07T17:01:59,Partially cloudy,Partly cloudy throughout the day.,partly-cloudy-day,,workday
1/8/2023,3.3,-2.5,66.3,0.267,rain,0,26.7,15.9,55.3,4.7,3,10,2023-01-08T07:26:58,2023-01-08T17:02:56,"Rain, Partially cloudy",Partly cloudy throughout the day with late afternoon rain.,rain,,workday
1/9/2023,5.8,-1.9,61.7,0,nothing,0,27.5,15.2,113.5,10,5,10,2023-01-09T07:26:51,2023-01-09T17:03:54,Partially cloudy,Clearing in the afternoon.,partly-cloudy-day,,workday
1/10/2023,4.6,-3.5,57.1,0,nothing,0,15.8,16,70.3,6.1,3,10,2023-01-10T07:26:41,2023-01-10T17:04:53,Partially cloudy,Partly cloudy throughout the day.,partly-cloudy-day,,workday
1/11/2023,4.4,-0.2,72.9,0.476,rain,0,17.4,15.5,61,5.2,3,10,2023-01-11T07:26:29,2023-01-11T17:05:54,"Rain, Partially cloudy",Partly cloudy throughout the day with late afternoon rain.,rain,,workday
1/12/2023,8.5,5.9,84.2,3.225,rain,0,16.8,14.9,47.2,4.2,3,10,2023-01-12T07:26:15,2023-01-12T17:06:55,"Rain, Overcast",Cloudy skies throughout the day with rain.,rain,,workday
1/13/2023,9,3.2,68.3,6.331,rain,0,36.5,15.6,109.4,9.6,5,10,2023-01-13T07:25:59,2023-01-13T17:07:57,"Rain, Partially cloudy",Partly cloudy throughout the day with rain clearing later.,rain,,workday
1/14/2023,2.2,-5.2,58,0,"rain,snow",0,39.3,16,26.2,2.3,1,10,2023-01-14T07:25:41,2023-01-14T17:09:00,Overcast,Cloudy skies throughout the day.,cloudy,,workday
1/15/2023,2.4,-6.9,51.5,0,"rain,snow",0,32.7,16,120.5,10.3,5,10,2023-01-15T07:25:21,2023-01-15T17:10:04,Clear,Clear conditions throughout the day.,clear-day,,workday
1/16/2023,5.4,-8.7,39,0,"rain,snow",0,23.8,16,116.7,10.2,5,10,2023-01-16T07:24:58,2023-01-16T17:11:08,Partially cloudy,Partly cloudy throughout the day.,partly-cloudy-day,,holidays
1/17/2023,5.2,2.5,83.8,1.417,rain,0,12.9,13.8,28.2,2.5,1,10,2023-01-17T07:24:34,2023-01-17T17:12:14,"Rain, Overcast",Cloudy skies throughout the day with rain in the morning and afternoon.,rain,,workday
1/18/2023,8.8,3.8,73.3,0,rain,0,23.7,14.8,114,10,5,10,2023-01-18T07:24:07,2023-01-18T17:13:19,Partially cloudy,Clearing in the afternoon.,partly-cloudy-day,,workday
1/19/2023,7,4,81.5,1.948,rain,0,16,13.5,15.9,1.4,1,10,2023-01-19T07:23:39,2023-01-19T17:14:26,"Rain, Overcast",Cloudy skies throughout the day with rain.,rain,,workday
1/20/2023,7.8,0.1,61.6,0,nothing,0,37.7,13.4,94.9,8.2,4,10,2023-01-20T07:23:08,2023-01-20T17:15:33,Partially cloudy,Partly cloudy throughout the day.,partly-cloudy-day,,workday
1/21/2023,5.1,-3.3,55.3,0,nothing,0,21.7,16,36.2,3.1,1,10,2023-01-21T07:22:36,2023-01-21T17:16:40,Partially cloudy,Partly cloudy throughout the day.,partly-cloudy-day,,workday
1/22/2023,3.2,0.6,83.1,5.943,rain,0,21.5,13,21.4,1.8,1,10,2023-01-22T07:22:01,2023-01-22T17:17:48,"Rain, Partially cloudy",Partly cloudy throughout the day with rain.,rain,,workday
1/23/2023,5.6,0.5,71.8,2.188,rain,0,39.3,14.9,55.8,4.7,2,10,2023-01-23T07:21:25,2023-01-23T17:18:56,"Rain, Overcast",Cloudy skies throughout the day with rain clearing later.,rain,,workday
1/24/2023,5.1,-3.5,56.3,0,nothing,0,16.6,16,119.3,10.4,5,10,2023-01-24T07:20:47,2023-01-24T17:20:05,Partially cloudy,Partly cloudy throughout the day.,partly-cloudy-day,,workday
1/25/2023,4.9,1.9,81.6,12.065,rain,0,18.2,11.8,12.8,1.2,0,10,2023-01-25T07:20:06,2023-01-25T17:21:14,"Rain, Overcast",Cloudy skies throughout the day with rain.,rain,,workday
1/26/2023,7.2,-0.6,60.6,0.022,rain,0,34.4,15.9,51.5,4.4,3,10,2023-01-26T07:19:24,2023-01-26T17:22:23,"Rain, Partially cloudy",Partly cloudy throughout the day with early morning rain.,rain,,workday
1/27/2023,3.9,-6,50.1,0,nothing,0,23.5,16,107.9,9.4,5,10,2023-01-27T07:18:40,2023-01-27T17:23:33,Partially cloudy,Partly cloudy throughout the day.,partly-cloudy-day,,workday
1/28/2023,6.7,-2.9,52.2,0,nothing,0,21.3,16,112.6,9.8,5,10,2023-01-28T07:17:55,2023-01-28T17:24:42,Partially cloudy,Partly cloudy throughout the day.,partly-cloudy-day,,workday
1/29/2023,7.1,1.9,70.1,0.885,rain,0,21.8,15.9,35.6,3.1,2,10,2023-01-29T07:17:07,2023-01-29T17:25:52,"Rain, Partially cloudy",Partly cloudy throughout the day with afternoon rain.,rain,,workday
1/30/2023,9.2,4.9,76.6,0,nothing,0,14,15.8,99.3,8.5,5,10,2023-01-30T07:16:18,2023-01-30T17:27:02,Partially cloudy,Partly cloudy throughout the day.,partly-cloudy-day,,workday
1/31/2023,5.2,3.1,86.6,4.194,rain,0,23.2,14.3,14.3,1.1,1,10,2023-01-31T07:15:27,2023-01-31T17:28:12,"Rain, Partially cloudy",Partly cloudy throughout the day with rain in the morning and afternoon.,rain,,workday
2/1/2023,2,-5.7,59.4,1.093,"rain,snow",1.1,24.6,14.7,130.3,11.2,6,10,2023-02-01T07:14:34,2023-02-01T17:29:21,"Snow, Rain, Partially cloudy",Partly cloudy throughout the day with rain or snow clearing later.,snow,,workday
2/2/2023,2.2,-5.3,59.2,0,nothing,0,18.2,16,87.7,7.5,4,10,2023-02-02T07:13:40,2023-02-02T17:30:31,Overcast,Cloudy skies throughout the day.,cloudy,,workday
2/3/2023,-0.2,-11.9,43.4,0,nothing,0,45.2,15.9,143.9,12.5,6,10,2023-02-03T07:12:44,2023-02-03T17:31:41,Partially cloudy,Clearing in the afternoon.,partly-cloudy-day,,workday
2/4/2023,-4.2,-16.6,37.9,0,nothing,0,27.3,16,150.7,13.1,6,10,2023-02-04T07:11:46,2023-02-04T17:32:51,Partially cloudy,Partly cloudy throughout the day.,partly-cloudy-day,,workday
2/5/2023,6.8,-5.4,42.6,0,nothing,0,28.9,16,116.1,9.9,5,10,2023-02-05T07:10:47,2023-02-05T17:34:01,Partially cloudy,Partly cloudy throughout the day.,partly-cloudy-day,,workday
2/6/2023,8.7,-0.1,55,0,nothing,0,32.3,16,59.8,5.3,4,10,2023-02-06T07:09:47,2023-02-06T17:35:10,Partially cloudy,Partly cloudy throughout the day.,partly-cloudy-day,,workday
2/7/2023,5.2,-0.6,67.5,0,nothing,0,18.5,15.5,99.1,8.5,4,10,2023-02-07T07:08:44,2023-02-07T17:36:20,Partially cloudy,Partly cloudy throughout the day.,partly-cloudy-day,,workday
2/8/2023,11.8,1.8,53.1,0,nothing,0,23.9,15.9,137,11.8,5,10,2023-02-08T07:07:41,2023-02-08T17:37:29,Partially cloudy,Partly cloudy throughout the day.,partly-cloudy-day,,workday
2/9/2023,12.8,6.3,65.1,0,nothing,0,25.8,16,74.4,6.5,3,10,2023-02-09T07:06:36,2023-02-09T17:38:39,Partially cloudy,Partly cloudy throughout the day.,partly-cloudy-day,,workday
2/10/2023,14.2,3.7,51,0,nothing,0,34.1,16,134.6,11.6,6,10,2023-02-10T07:05:29,2023-02-10T17:39:47,Partially cloudy,Partly cloudy throughout the day.,partly-cloudy-day,,workday
2/11/2023,7.3,-5.2,41.3,0,nothing,0,28.5,16,149,12.8,6,10,2023-02-11T07:04:22,2023-02-11T17:40:56,Partially cloudy,Partly cloudy throughout the day.,partly-cloudy-day,,workday
2/12/2023,4.2,0.1,75.6,20.454,rain,0,29.1,13.4,19.3,1.6,1,10,2023-02-12T07:03:13,2023-02-12T17:42:05,"Rain, Overcast",Cloudy skies throughout the day with rain.,rain,,workday
2/13/2023,8.2,-4,46.8,0.573,rain,0,25.4,16,118,10.1,6,10,2023-02-13T07:02:02,2023-02-13T17:43:13,"Rain, Partially cloudy",Partly cloudy throughout the day with early morning rain.,rain,,workday
2/14/2023,8.9,-1.3,51.3,0,nothing,0,16.5,15.9,160,13.9,6,10,2023-02-14T07:00:50,2023-02-14T17:44:21,Partially cloudy,Partly cloudy throughout the day.,partly-cloudy-day,,workday
2/15/2023,13.5,4.4,55.3,0.267,rain,0,27,16,113.4,9.8,6,10,2023-02-15T06:59:38,2023-02-15T17:45:29,"Rain, Partially cloudy",Partly cloudy throughout the day with morning rain.,rain,,workday
2/16/2023,12.5,10.2,86.4,3.485,rain,0,18.1,14.2,37.7,3,2,10,2023-02-16T06:58:24,2023-02-16T17:46:36,"Rain, Overcast",Cloudy skies throughout the day with rain.,rain,,workday
2/17/2023,10.8,6.3,75.5,17.249,rain,0,40.5,13.9,24.4,2.1,1,10,2023-02-17T06:57:08,2023-02-17T17:47:44,"Rain, Partially cloudy",Partly cloudy throughout the day with a chance of rain throughout the day.,rain,,workday
2/18/2023,2.7,-8.1,45.6,0,nothing,0,33.9,16,176,15.1,6,10,2023-02-18T06:55:52,2023-02-18T17:48:50,Partially cloudy,Partly cloudy throughout the day.,partly-cloudy-day,,workday
2/19/2023,9.3,0,54,0,nothing,0,32.3,16,155.7,13.6,7,10,2023-02-19T06:54:35,2023-02-19T17:49:57,Partially cloudy,Partly cloudy throughout the day.,partly-cloudy-day,,workday
2/20/2023,11.3,5.7,69.3,0,nothing,0,20.3,16,61.4,5.2,3,10,2023-02-20T06:53:16,2023-02-20T17:51:03,Partially cloudy,Partly cloudy throughout the day.,partly-cloudy-day,,holidays
2/21/2023,12.3,3.5,59.1,0.278,rain,0,25.3,16,134.1,11.4,6,10,2023-02-21T06:51:57,2023-02-21T17:52:09,"Rain, Partially cloudy",Partly cloudy throughout the day with early morning rain.,rain,,workday
2/22/2023,9.2,0.1,54,0.502,rain,0,19.8,16,62.8,5.5,4,10,2023-02-22T06:50:36,2023-02-22T17:53:15,"Rain, Partially cloudy",Partly cloudy throughout the day with morning rain.,rain,,workday
2/23/2023,13.9,7.5,68,0,nothing,0,17.4,15.7,140.8,12.2,7,10,2023-02-23T06:49:15,2023-02-23T17:54:20,Partially cloudy,Clearing in the afternoon.,partly-cloudy-day,,workday
2/24/2023,12.6,-2.6,35.7,0,nothing,0,44.4,16,148.3,12.9,7,10,2023-02-24T06:47:53,2023-02-24T17:55:25,Partially cloudy,Becoming cloudy in the afternoon.,partly-cloudy-day,,workday
2/25/2023,2.5,-3.8,65.4,0.272,rain,0,19.4,14.9,35.1,3,2,10,2023-02-25T06:46:29,2023-02-25T17:56:30,"Rain, Overcast",Cloudy skies throughout the day with afternoon rain.,rain,,workday
2/26/2023,6.8,2,73.2,0,nothing,0,21.7,15.3,147.6,12.8,7,10,2023-02-26T06:45:05,2023-02-26T17:57:34,Partially cloudy,Partly cloudy throughout the day.,partly-cloudy-day,,workday
2/27/2023,7.6,0.9,64.6,4.138,rain,0,20.6,15.7,72.9,6.4,5,10,2023-02-27T06:43:41,2023-02-27T17:58:38,"Rain, Partially cloudy",Partly cloudy throughout the day with late afternoon rain.,rain,,workday
2/28/2023,9.3,4.5,74.4,2.727,rain,0,23.7,14.6,139.5,12.1,7,10,2023-02-28T06:42:15,2023-02-28T17:59:42,"Rain, Partially cloudy",Partly cloudy throughout the day with early morning rain.,rain,,workday
3/1/2023,9,4.4,74.8,0,nothing,0,25.6,14.7,149.3,12.9,7,10,2023-03-01T06:40:49,2023-03-01T18:00:46,Partially cloudy,Partly cloudy throughout the day.,partly-cloudy-day,,workday
3/2/2023,12.9,6.6,69.3,1.317,rain,0,20.2,15.8,71,6.2,4,10,2023-03-02T06:39:22,2023-03-02T18:01:49,"Rain, Partially cloudy",Partly cloudy throughout the day with rain clearing later.,rain,,workday
3/3/2023,7.4,2.7,73.2,5.543,rain,0,24.9,13.2,23.6,1.9,1,10,2023-03-03T06:37:54,2023-03-03T18:02:52,"Rain, Overcast",Cloudy skies throughout the day with rain.,rain,,workday
3/4/2023,9.6,1.5,60.3,1.873,rain,0,43.9,16,183.5,16,7,10,2023-03-04T06:36:26,2023-03-04T18:03:54,"Rain, Partially cloudy",Clearing in the afternoon with early morning rain.,rain,,workday
3/5/2023,10.2,-0.2,52.9,0,nothing,0,32.9,16,181.8,15.7,7,10,2023-03-05T06:34:57,2023-03-05T18:04:56,Partially cloudy,Partly cloudy throughout the day.,partly-cloudy-day,,workday
3/6/2023,9.2,-0.8,50.9,0,nothing,0,15.8,16,179.7,15.3,7,10,2023-03-06T06:33:27,2023-03-06T18:05:58,Partially cloudy,Partly cloudy throughout the day.,partly-cloudy-day,,workday
3/7/2023,8.2,-4,46.6,0,nothing,0,42.6,16,161.9,13.8,7,10,2023-03-07T06:31:57,2023-03-07T18:07:00,Partially cloudy,Clearing in the afternoon.,partly-cloudy-day,,workday
3/8/2023,6.5,-6.1,40.3,0,nothing,0,34.5,16,196.5,16.9,7,10,2023-03-08T06:30:27,2023-03-08T18:08:01,Clear,Clear conditions throughout the day.,clear-day,,workday
3/9/2023,7.7,-2.5,49.2,0,nothing,0,20.3,16,194.8,16.7,7,10,2023-03-09T06:28:56,2023-03-09T18:09:03,Partially cloudy,Partly cloudy throughout the day.,partly-cloudy-day,,workday
3/10/2023,6.5,2.4,75.6,3.798,rain,0,16.6,14,30.9,2.7,2,10,2023-03-10T06:27:24,2023-03-10T18:10:03,"Rain, Overcast",Cloudy skies throughout the day with rain.,rain,,workday
3/11/2023,5.9,-2.9,53.3,0,nothing,0,39.8,16,104.5,9,5,10,2023-03-11T06:25:52,2023-03-11T18:11:04,Overcast,Cloudy skies throughout the day.,cloudy,,workday
3/12/2023,3.1,-1.4,72.5,0.579,rain,0,14.2,15.9,65.9,5.5,2,10,2023-03-12T07:24:20,2023-03-12T19:12:04,"Rain, Partially cloudy",Partly cloudy throughout the day with rain.,rain,,workday
3/13/2023,6.2,2.6,78.9,1.094,rain,0,28.7,13.1,56.4,4.9,3,10,2023-03-13T07:22:47,2023-03-13T19:13:05,"Rain, Overcast",Cloudy skies throughout the day with early morning rain.,rain,,workday
3/14/2023,3.6,-7.9,43.4,0,nothing,0,45.5,16,176.8,15.2,7,10,2023-03-14T07:21:15,2023-03-14T19:14:05,Partially cloudy,Partly cloudy throughout the day.,partly-cloudy-day,,workday
3/15/2023,5.1,-9.6,36.9,0,nothing,0,42.2,16,215.8,18.5,8,10,2023-03-15T07:19:41,2023-03-15T19:15:04,Partially cloudy,Partly cloudy throughout the day.,partly-cloudy-day,,workday
3/16/2023,9.4,-7.7,32.1,0,nothing,0,25,16,210.9,18.3,8,10,2023-03-16T07:18:08,2023-03-16T19:16:04,Partially cloudy,Partly cloudy throughout the day.,partly-cloudy-day,,workday
3/17/2023,12.9,3.3,53.1,0.296,rain,0,31,15.7,56.1,4.9,2,10,2023-03-17T07:16:34,2023-03-17T19:17:03,"Rain, Overcast",Cloudy skies throughout the day with afternoon rain.,rain,,workday
3/18/2023,8.8,-4.3,42,0.354,rain,0,38.1,16,209.3,18.2,8,10,2023-03-18T07:15:00,2023-03-18T19:18:03,"Rain, Partially cloudy",Partly cloudy throughout the day with early morning rain.,rain,,workday
3/19/2023,2.8,-12.3,32.3,0,nothing,0,31.9,16,223.6,19.4,8,10,2023-03-19T07:13:26,2023-03-19T19:19:02,Partially cloudy,Partly cloudy throughout the day.,partly-cloudy-day,,workday
3/20/2023,4.7,-9.1,37.1,0,nothing,0,18.4,16,217.2,18.8,8,10,2023-03-20T07:11:52,2023-03-20T19:20:01,Clear,Clear conditions throughout the day.,clear-day,,workday
3/21/2023,8.6,-4.5,43.4,0,nothing,0,15.9,16,180.3,15.6,7,10,2023-03-21T07:10:18,2023-03-21T19:20:59,Partially cloudy,Becoming cloudy in the afternoon.,partly-cloudy-day,,workday
3/22/2023,13.1,-0.7,40.7,0,nothing,0,28.9,16,172.3,14.7,7,10,2023-03-22T07:08:44,2023-03-22T19:21:58,Partially cloudy,Partly cloudy throughout the day.,partly-cloudy-day,,workday
3/23/2023,17.8,9.4,60.8,0,nothing,0,26,16,142.7,12.4,6,10,2023-03-23T07:07:09,2023-03-23T19:22:56,Partially cloudy,Partly cloudy throughout the day.,partly-cloudy-day,,workday
3/24/2023,12.9,9.5,80.9,18.302,rain,0,26,14.4,23.2,2,1,10,2023-03-24T07:05:35,2023-03-24T19:23:55,"Rain, Overcast",Cloudy skies throughout the day with rain.,rain,,workday
3/25/2023,8.6,7.1,90.7,3.951,rain,0,21.3,11.1,36.5,3.3,3,10,2023-03-25T07:04:00,2023-03-25T19:24:53,"Rain, Overcast",Cloudy skies throughout the day with a chance of rain throughout the day.,rain,,workday
3/26/2023,14.3,2,50.5,0,nothing,0,23.7,12.8,217.3,18.6,8,10,2023-03-26T07:02:26,2023-03-26T19:25:51,Partially cloudy,Partly cloudy throughout the day.,partly-cloudy-day,,workday
3/27/2023,12.4,8.1,75.5,0.511,rain,0,17.8,15.4,62.5,5.1,3,10,2023-03-27T07:00:52,2023-03-27T19:26:49,"Rain, Partially cloudy",Partly cloudy throughout the day with afternoon rain.,rain,,workday
3/28/2023,11.5,2.8,57.5,0,nothing,0,25.7,16,166.3,14.3,7,10,2023-03-28T06:59:18,2023-03-28T19:27:47,Partially cloudy,Partly cloudy throughout the day.,partly-cloudy-day,,workday
3/29/2023,11.1,-1.1,43.4,0,nothing,0,21.3,16,198.2,17.2,7,10,2023-03-29T06:57:44,2023-03-29T19:28:45,Partially cloudy,Partly cloudy throughout the day.,partly-cloudy-day,,workday
3/30/2023,8.1,-5.3,39.7,0,nothing,0,35.7,16,220.7,18.9,8,10,2023-03-30T06:56:10,2023-03-30T19:29:43,Clear,Clear conditions throughout the day.,clear-day,,workday
3/31/2023,12.1,4.9,62.5,0,nothing,0,43.5,16,83.7,7.4,4,10,2023-03-31T06:54:36,2023-03-31T19:30:41,Partially cloudy,Partly cloudy throughout the day.,partly-cloudy-day,,workday
4/1/2023,18,11.9,70.3,6.493,rain,0,58.1,15.6,130.5,11.3,7,30,2023-04-01T06:53:03,2023-04-01T19:31:39,"Rain, Partially cloudy",Partly cloudy throughout the day with a chance of rain throughout the day.,rain,,workday
4/2/2023,10.6,-1.8,42.6,0,nothing,0,45.3,16,230.5,19.8,8,10,2023-04-02T06:51:30,2023-04-02T19:32:37,Partially cloudy,Clearing in the afternoon.,partly-cloudy-day,,workday
4/3/2023,13.3,4.5,56.9,0,nothing,0,35.9,16,208.3,18,8,10,2023-04-03T06:49:57,2023-04-03T19:33:35,Partially cloudy,Partly cloudy throughout the day.,partly-cloudy-day,,workday
4/4/2023,19.3,11,59.6,0,nothing,0,20.6,16,220.4,19,8,10,2023-04-04T06:48:24,2023-04-04T19:34:32,Partially cloudy,Partly cloudy throughout the day.,partly-cloudy-day,,workday
4/5/2023,22.5,15.7,67.9,0,nothing,0,32.6,15.9,182.3,15.9,8,10,2023-04-05T06:46:52,2023-04-05T19:35:30,Partially cloudy,Partly cloudy throughout the day.,partly-cloudy-day,,workday
4/6/2023,23.3,15.6,63,0.823,rain,0,44.8,15.7,138.7,11.9,6,10,2023-04-06T06:45:20,2023-04-06T19:36:28,"Rain, Partially cloudy",Partly cloudy throughout the day with late afternoon rain.,rain,,workday
4/7/2023,12.7,0.1,42.9,0.289,rain,0,30.2,16,39,3.4,1,10,2023-04-07T06:43:49,2023-04-07T19:37:26,"Rain, Overcast",Cloudy skies throughout the day with afternoon rain.,rain,,workday
4/8/2023,9.4,-3.3,41.6,0,nothing,0,30.1,16,145.5,12.6,7,10,2023-04-08T06:42:18,2023-04-08T19:38:23,Partially cloudy,Partly cloudy throughout the day.,partly-cloudy-day,,workday
4/9/2023,10.6,-1.4,47.1,0,nothing,0,16,16,246.6,21.4,9,10,2023-04-09T06:40:48,2023-04-09T19:39:21,Partially cloudy,Partly cloudy throughout the day.,partly-cloudy-day,,workday
4/10/2023,11.8,-0.7,44.8,0,nothing,0,17.2,16,234.4,20.1,9,10,2023-04-10T06:39:18,2023-04-10T19:40:19,Clear,Clear conditions throughout the day.,clear-day,,workday
4/11/2023,15.7,1.1,41.8,0,nothing,0,19.2,16,219.5,19,9,10,2023-04-11T06:37:48,2023-04-11T19:41:17,Partially cloudy,Partly cloudy throughout the day.,partly-cloudy-day,,workday
4/12/2023,20.9,6.7,44.1,0,nothing,0,26.9,16,216.8,18.7,8,10,2023-04-12T06:36:19,2023-04-12T19:42:15,Partially cloudy,Clearing in the afternoon.,partly-cloudy-day,,workday
4/13/2023,21.9,8.4,47,0,nothing,0,17.8,16,232.3,20.1,9,10,2023-04-13T06:34:51,2023-04-13T19:43:13,Clear,Clear conditions throughout the day.,clear-day,,workday
4/14/2023,20.3,12.7,63.4,0,nothing,0,23.3,15.9,130.4,11.2,6,10,2023-04-14T06:33:23,2023-04-14T19:44:10,Partially cloudy,Partly cloudy throughout the day.,partly-cloudy-day,,workday
4/15/2023,20.3,17.2,83.6,9.046,rain,0,21.7,15.5,139.3,12.2,7,10,2023-04-15T06:31:56,2023-04-15T19:45:08,"Rain, Partially cloudy",Partly cloudy throughout the day with rain.,rain,,workday
4/16/2023,21.3,16,74.1,0,nothing,0,22.2,15.9,134,11.6,6,10,2023-04-16T06:30:29,2023-04-16T19:46:06,Partially cloudy,Partly cloudy throughout the day.,partly-cloudy-day,,workday
4/17/2023,16.9,4.6,46.3,0.27,rain,0,34.5,16,159.5,13.6,8,10,2023-04-17T06:29:04,2023-04-17T19:47:04,"Rain, Partially cloudy",Partly cloudy throughout the day with early morning rain.,rain,,holidays
4/18/2023,16,-1,35.7,0,nothing,0,26.8,16,223.5,19.5,9,10,2023-04-18T06:27:39,2023-04-18T19:48:02,Partially cloudy,Partly cloudy throughout the day.,partly-cloudy-day,,workday
4/19/2023,15.5,2.3,43.6,0,nothing,0,18.3,16,223.6,19.4,9,10,2023-04-19T06:26:14,2023-04-19T19:49:00,Partially cloudy,Becoming cloudy in the afternoon.,partly-cloudy-day,,workday
4/20/2023,20.4,11.6,60.3,0,nothing,0,16,15.8,218.6,19,9,10,2023-04-20T06:24:51,2023-04-20T19:49:58,Partially cloudy,Partly cloudy throughout the day.,partly-cloudy-day,,workday
4/21/2023,22,12.9,60.6,0,nothing,0,22.2,15.4,216.5,18.7,8,10,2023-04-21T06:23:28,2023-04-21T19:50:56,Partially cloudy,Partly cloudy throughout the day.,partly-cloudy-day,,workday
4/22/2023,18.9,12.5,68.5,10.388,rain,0,34.3,15.3,62.4,5.6,3,10,2023-04-22T06:22:07,2023-04-22T19:51:54,"Rain, Partially cloudy",Partly cloudy throughout the day with rain.,rain,,workday
4/23/2023,14.2,5.3,57.2,0,nothing,0,28.3,16,118.6,10.4,7,10,2023-04-23T06:20:46,2023-04-23T19:52:53,Partially cloudy,Becoming cloudy in the afternoon.,partly-cloudy-day,,workday
4/24/2023,11.6,-1.3,41.5,0,nothing,0,25.9,16,203.9,17.7,8,10,2023-04-24T06:19:26,2023-04-24T19:53:51,Partially cloudy,Partly cloudy throughout the day.,partly-cloudy-day,,workday
4/25/2023,11.7,0,45.3,0,nothing,0,17.2,16,183.6,15.9,9,10,2023-04-25T06:18:07,2023-04-25T19:54:49,Partially cloudy,Partly cloudy throughout the day.,partly-cloudy-day,,workday
4/26/2023,13.5,6.4,63.6,0.293,rain,0,21.6,15.9,164.6,14.3,9,10,2023-04-26T06:16:49,2023-04-26T19:55:47,"Rain, Partially cloudy",Partly cloudy throughout the day with afternoon rain.,rain,,workday
4/27/2023,15.9,9.9,68.6,0,nothing,0,24.9,16,150.9,13,8,10,2023-04-27T06:15:32,2023-04-27T19:56:45,Partially cloudy,Partly cloudy throughout the day.,partly-cloudy-day,,workday
4/28/2023,13.4,12,91,30.259,rain,0,35.6,9,26.3,2.1,1,10,2023-04-28T06:14:16,2023-04-28T19:57:43,"Rain, Overcast",Cloudy skies throughout the day with a chance of rain throughout the day.,rain,,workday
4/29/2023,15.3,12.7,84.8,3.669,rain,0,17.3,12.7,135.8,11.8,7,10,2023-04-29T06:13:01,2023-04-29T19:58:40,"Rain, Overcast",Cloudy skies throughout the day with rain clearing later.,rain,,workday
4/30/2023,16.3,13.9,86,9.635,rain,0,31.9,13,40,3.3,2,10,2023-04-30T06:11:47,2023-04-30T19:59:38,"Rain, Overcast",Cloudy skies throughout the day with rain in the morning and afternoon.,rain,,workday
5/1/2023,13.7,3.4,50.6,0,nothing,0,37.5,16,90,7.8,3,10,2023-05-01T06:10:34,2023-05-01T20:00:36,Partially cloudy,Partly cloudy throughout the day.,partly-cloudy-day,,workday
5/2/2023,11.9,4.8,62.2,0,nothing,0,27.4,15.9,72.9,6.4,4,10,2023-05-02T06:09:23,2023-05-02T20:01:34,Overcast,Cloudy skies throughout the day.,cloudy,,workday
5/3/2023,11,2.8,58.2,0.267,rain,0,28.5,16,92.3,7.9,4,10,2023-05-03T06:08:12,2023-05-03T20:02:31,"Rain, Overcast",Cloudy skies throughout the day with morning rain.,rain,,workday
5/4/2023,12.7,4.9,60.1,0,nothing,0,21.6,16,114.4,9.9,5,10,2023-05-04T06:07:03,2023-05-04T20:03:28,Partially cloudy,Partly cloudy throughout the day.,partly-cloudy-day,,workday
5/5/2023,15,6.6,60.4,0,nothing,0,19.5,16,163,14.2,8,10,2023-05-05T06:05:55,2023-05-05T20:04:26,Partially cloudy,Becoming cloudy in the afternoon.,partly-cloudy-day,,workday
5/6/2023,16.7,7.8,58.8,0,nothing,0,14,16,238.6,20.7,9,10,2023-05-06T06:04:49,2023-05-06T20:05:23,Partially cloudy,Becoming cloudy in the afternoon.,partly-cloudy-day,,workday
5/7/2023,17.3,13.2,77.2,0.504,rain,0,15.8,16,118.7,10.3,6,10,2023-05-07T06:03:44,2023-05-07T20:06:20,"Rain, Partially cloudy",Partly cloudy throughout the day with late afternoon rain.,rain,,workday
5/8/2023,21.5,15.2,71.4,0.058,rain,0,20.2,13.8,194.5,16.8,8,10,2023-05-08T06:02:40,2023-05-08T20:07:16,"Rain, Partially cloudy",Partly cloudy throughout the day with morning rain.,rain,,workday
5/9/2023,17.7,11.3,67,2.615,rain,0,16.1,15.9,96.8,8.5,4,10,2023-05-09T06:01:37,2023-05-09T20:08:12,"Rain, Partially cloudy",Partly cloudy throughout the day with rain clearing later.,rain,,workday
5/10/2023,16.3,7.3,58.3,0,nothing,0,12.6,16,205.5,17.7,8,10,2023-05-10T06:00:36,2023-05-10T20:09:09,Partially cloudy,Partly cloudy throughout the day.,partly-cloudy-day,,workday
5/11/2023,18.5,12.3,68.8,0,nothing,0,20.3,16,216.4,18.8,8,10,2023-05-11T05:59:36,2023-05-11T20:10:04,Partially cloudy,Partly cloudy throughout the day.,partly-cloudy-day,,workday
5/12/2023,21.8,15.8,70.7,0,nothing,0,19.6,16,211.7,18.3,8,10,2023-05-12T05:58:38,2023-05-12T20:11:00,Partially cloudy,Partly cloudy throughout the day.,partly-cloudy-day,,workday
5/13/2023,20.4,17.4,83.7,2.28,rain,0,23,15.1,51.6,4.5,2,10,2023-05-13T05:57:41,2023-05-13T20:11:55,"Rain, Overcast",Cloudy skies throughout the day with rain.,rain,,workday
5/14/2023,20.2,9.5,55.3,0,nothing,0,19.4,15.9,221,19.1,9,10,2023-05-14T05:56:45,2023-05-14T20:12:50,Partially cloudy,Clearing in the afternoon.,partly-cloudy-day,,workday
5/15/2023,18.2,5.1,42.6,0,nothing,0,21.9,16,233.5,20.2,9,10,2023-05-15T05:55:52,2023-05-15T20:13:44,Partially cloudy,Clearing in the afternoon.,partly-cloudy-day,,workday
5/16/2023,19.9,13.6,67.9,0,nothing,0,24.6,16,146.3,12.7,9,10,2023-05-16T05:54:59,2023-05-16T20:14:38,Partially cloudy,Partly cloudy throughout the day.,partly-cloudy-day,,workday
5/17/2023,20.2,9,50,0,nothing,0,30.9,16,200.5,17.2,8,10,2023-05-17T05:54:09,2023-05-17T20:15:31,Partially cloudy,Clearing in the afternoon.,partly-cloudy-day,,workday
5/18/2023,15.7,3.8,45.2,0,nothing,0,21.4,16,208.5,17.8,9,10,2023-05-18T05:53:19,2023-05-18T20:16:24,Partially cloudy,Becoming cloudy in the afternoon.,partly-cloudy-day,,workday
5/19/2023,18.1,10.9,64.9,0,nothing,0,25.1,16,184.9,16,8,10,2023-05-19T05:52:32,2023-05-19T20:17:17,Partially cloudy,Partly cloudy throughout the day.,partly-cloudy-day,,workday
5/20/2023,19.4,14.9,76.9,3.85,rain,0,26.5,15.4,214.4,18.6,8,10,2023-05-20T05:51:46,2023-05-20T20:18:08,"Rain, Partially cloudy",Partly cloudy throughout the day with late afternoon rain.,rain,,workday
5/21/2023,20.2,10.4,56.4,0.561,rain,0,25.3,16,223.1,19.2,8,10,2023-05-21T05:51:02,2023-05-21T20:19:00,"Rain, Partially cloudy",Partly cloudy throughout the day with early morning rain.,rain,,workday
5/22/2023,21.3,10.7,53.7,0,nothing,0,17.5,16,198.9,17.2,8,10,2023-05-22T05:50:19,2023-05-22T20:19:50,Partially cloudy,Partly cloudy throughout the day.,partly-cloudy-day,,workday
5/23/2023,19.5,10.9,59.5,0,nothing,0,20.3,15.7,181.8,15.7,6,10,2023-05-23T05:49:39,2023-05-23T20:20:40,Partially cloudy,Partly cloudy throughout the day.,partly-cloudy-day,,workday
5/24/2023,19.9,9.6,53.5,0,nothing,0,17.2,16,211.3,18.2,8,10,2023-05-24T05:49:00,2023-05-24T20:21:29,Partially cloudy,Partly cloudy throughout the day.,partly-cloudy-day,,workday
5/25/2023,18.6,6.1,45.8,0,nothing,0,31.9,16,238.4,20.6,9,10,2023-05-25T05:48:22,2023-05-25T20:22:17,Partially cloudy,Clearing in the afternoon.,partly-cloudy-day,,workday
5/26/2023,18.3,7.1,51.2,0,nothing,0,21.1,16,232,20.1,9,10,2023-05-26T05:47:47,2023-05-26T20:23:05,Partially cloudy,Partly cloudy throughout the day.,partly-cloudy-day,,workday
5/27/2023,19,6.1,45.6,0,nothing,0,23.2,16,234.4,20.4,9,10,2023-05-27T05:47:13,2023-05-27T20:23:52,Partially cloudy,Partly cloudy throughout the day.,partly-cloudy-day,,workday
5/28/2023,19,11,60,0.278,rain,0,18.1,15.6,136.8,12,5,10,2023-05-28T05:46:41,2023-05-28T20:24:37,"Rain, Overcast",Cloudy skies throughout the day with late afternoon rain.,rain,,workday
5/29/2023,19.8,16.6,82.4,18.596,rain,0,27.7,14.4,71.7,6.3,3,30,2023-05-29T05:46:11,2023-05-29T20:25:22,"Rain, Overcast",Cloudy skies throughout the day with a chance of rain throughout the day.,rain,,holidays
5/30/2023,18.8,13.1,71.1,3.036,rain,0,23.1,15.7,213.3,18.4,9,10,2023-05-30T05:45:43,2023-05-30T20:26:06,"Rain, Partially cloudy",Partly cloudy throughout the day with early morning rain.,rain,,workday
5/31/2023,19,9.9,58.8,0,nothing,0,14.1,15.1,262.5,22.7,9,10,2023-05-31T05:45:16,2023-05-31T20:26:49,Partially cloudy,Partly cloudy throughout the day.,partly-cloudy-day,,workday
6/1/2023,22.2,14.1,62.9,0,nothing,0,17.8,14.2,236.3,20.4,9,10,2023-06-01T05:44:51,2023-06-01T20:27:31,Clear,Clear conditions throughout the day.,clear-day,,workday
6/2/2023,25.3,15.4,58.6,0,nothing,0,15.4,13.4,227.1,19.7,9,10,2023-06-02T05:44:28,2023-06-02T20:28:12,Clear,Clear conditions throughout the day.,clear-day,,workday
6/3/2023,24.1,16.8,64.7,0,nothing,0,27.9,16,198,16.9,8,30,2023-06-03T05:44:07,2023-06-03T20:28:51,Partially cloudy,Partly cloudy throughout the day.,partly-cloudy-day,,workday
6/4/2023,19.2,11.7,62.6,0,nothing,0,21.1,16,166,14.3,9,10,2023-06-04T05:43:48,2023-06-04T20:29:30,Partially cloudy,Partly cloudy throughout the day.,partly-cloudy-day,,workday
6/5/2023,20.8,10.7,57,0,nothing,0,20.9,16,221.3,19.1,9,10,2023-06-05T05:43:31,2023-06-05T20:30:07,Partially cloudy,Partly cloudy throughout the day.,partly-cloudy-day,,workday
6/6/2023,22.5,8.3,41.7,0,nothing,0,25.6,13.2,191.4,16.5,7,10,2023-06-06T05:43:16,2023-06-06T20:30:43,Partially cloudy,Partly cloudy throughout the day.,partly-cloudy-day,,workday
6/7/2023,22.2,8.1,41.8,0,nothing,0,25,7.4,207.7,18,7,10,2023-06-07T05:43:02,2023-06-07T20:31:18,Partially cloudy,Clearing in the afternoon.,partly-cloudy-day,,workday
6/8/2023,20.4,8.3,48.4,0,nothing,0,21.8,4.8,197.9,17.1,7,10,2023-06-08T05:42:51,2023-06-08T20:31:52,Partially cloudy,Partly cloudy throughout the day.,partly-cloudy-day,,workday
6/9/2023,20.2,8.2,46.9,0,nothing,0,24,15.8,155.4,13.4,6,10,2023-06-09T05:42:41,2023-06-09T20:32:24,Partially cloudy,Partly cloudy throughout the day.,partly-cloudy-day,,workday
6/10/2023,22.9,9.7,46.5,0,nothing,0,22.9,16,232.1,19.9,9,10,2023-06-10T05:42:33,2023-06-10T20:32:55,Partially cloudy,Becoming cloudy in the afternoon.,partly-cloudy-day,,workday
6/11/2023,25.1,14.5,53.9,0,nothing,0,24.1,15.5,205.8,17.6,8,10,2023-06-11T05:42:27,2023-06-11T20:33:24,Partially cloudy,Partly cloudy throughout the day.,partly-cloudy-day,,workday
6/12/2023,23.7,17.6,68.8,5.463,rain,0,25.1,15.5,82.2,6.9,2,30,2023-06-12T05:42:23,2023-06-12T20:33:52,"Rain, Partially cloudy",Partly cloudy throughout the day with rain.,rain,,workday
6/13/2023,22,11.5,53.6,0,nothing,0,20,16,189,16.3,8,10,2023-06-13T05:42:20,2023-06-13T20:34:18,Partially cloudy,Partly cloudy throughout the day.,partly-cloudy-day,,workday
6/14/2023,22.2,11.6,53.5,0,nothing,0,37.6,15.7,160.6,13.8,8,10,2023-06-14T05:42:20,2023-06-14T20:34:43,Partially cloudy,Partly cloudy throughout the day.,partly-cloudy-day,,workday
6/15/2023,23,9.1,43.3,0,nothing,0,21.6,15.9,227.4,19.4,9,10,2023-06-15T05:42:21,2023-06-15T20:35:06,Partially cloudy,Partly cloudy throughout the day.,partly-cloudy-day,,workday
6/16/2023,22.7,14.8,62.2,0.035,rain,0,37.3,15,162.1,14,7,10,2023-06-16T05:42:24,2023-06-16T20:35:28,"Rain, Partially cloudy",Partly cloudy throughout the day with late afternoon rain.,rain,,workday
6/17/2023,23.3,11.8,51.7,0,nothing,0,32.3,13.2,215.4,18.4,8,10,2023-06-17T05:42:29,2023-06-17T20:35:48,Partially cloudy,Partly cloudy throughout the day.,partly-cloudy-day,,workday
6/18/2023,24.5,9.5,41.4,0,nothing,0,17.8,13.2,235.3,20.3,9,10,2023-06-18T05:42:35,2023-06-18T20:36:06,Partially cloudy,Partly cloudy throughout the day.,partly-cloudy-day,,workday
6/19/2023,25.2,16.5,59.9,0.011,rain,0,23.4,11.9,151.5,13.1,8,10,2023-06-19T05:42:44,2023-06-19T20:36:23,"Rain, Partially cloudy",Partly cloudy throughout the day with late afternoon rain.,rain,,holidays
6/20/2023,24.2,18.1,69.2,0.011,rain,0,30,13.2,107.1,9.2,4,10,2023-06-20T05:42:54,2023-06-20T20:36:38,"Rain, Partially cloudy",Partly cloudy throughout the day with morning rain.,rain,,workday
6/21/2023,18.9,16.3,85,10.616,rain,0,38.9,12.9,43,3.8,2,10,2023-06-21T05:43:06,2023-06-21T20:36:51,"Rain, Overcast",Cloudy skies throughout the day with rain.,rain,,workday
6/22/2023,18.1,16.6,91.2,1.278,rain,0,23.6,10.5,54.3,4.7,2,10,2023-06-22T05:43:19,2023-06-22T20:37:02,"Rain, Overcast",Cloudy skies throughout the day with rain.,rain,,workday
6/23/2023,21.9,20.4,91.4,6.159,rain,0,14.9,11.5,66,5.6,3,30,2023-06-23T05:43:34,2023-06-23T20:37:12,"Rain, Overcast",Cloudy skies throughout the day with a chance of rain throughout the day.,rain,,workday
6/24/2023,25.3,20.4,76.6,0.299,rain,0,16.4,15.7,190.5,16.4,8,30,2023-06-24T05:43:51,2023-06-24T20:37:20,"Rain, Partially cloudy",Partly cloudy throughout the day with morning rain.,rain,,workday
6/25/2023,27,18.9,63.1,0,nothing,0,21,16,224,19.3,9,30,2023-06-25T05:44:10,2023-06-25T20:37:26,Partially cloudy,Becoming cloudy in the afternoon.,partly-cloudy-day,,workday
6/26/2023,27.1,20.9,70,0,nothing,0,23.2,15.6,142.3,12.2,6,30,2023-06-26T05:44:30,2023-06-26T20:37:30,Partially cloudy,Partly cloudy throughout the day.,partly-cloudy-day,,workday
6/27/2023,23.4,18.6,75.1,19.155,rain,0,26.4,15.7,132.7,11.3,7,30,2023-06-27T05:44:51,2023-06-27T20:37:33,"Rain, Partially cloudy",Partly cloudy throughout the day with rain.,rain,,workday
6/28/2023,23.7,16.4,64.8,0,nothing,0,25.2,10.7,158.8,13.5,6,10,2023-06-28T05:45:14,2023-06-28T20:37:33,Partially cloudy,Partly cloudy throughout the day.,partly-cloudy-day,,workday
6/29/2023,24.3,15,58.3,0,nothing,0,15.8,6,216.9,18.6,8,10,2023-06-29T05:45:39,2023-06-29T20:37:32,Partially cloudy,Partly cloudy throughout the day.,partly-cloudy-day,,workday
6/30/2023,24.5,19.8,75.9,10.846,rain,0,24,8.5,126.8,11,6,10,2023-06-30T05:46:05,2023-06-30T20:37:29,"Rain, Partially cloudy",Partly cloudy throughout the day with rain.,rain,,workday
7/1/2023,25.1,21.1,79.2,6.291,rain,0,20.2,10.4,128.7,11.2,4,30,2023-07-01T05:46:32,2023-07-01T20:37:24,"Rain, Partially cloudy",Partly cloudy throughout the day with late afternoon rain.,rain,,workday
7/2/2023,27,23,79.8,0.446,rain,0,20.2,15.1,143.1,12.4,5,60,2023-07-02T05:47:01,2023-07-02T20:37:17,"Rain, Partially cloudy",Partly cloudy throughout the day with early morning rain.,rain,,workday
7/3/2023,27.9,22.1,71.3,0.288,rain,0,24.9,16,196.8,17.1,9,30,2023-07-03T05:47:31,2023-07-03T20:37:08,"Rain, Partially cloudy",Partly cloudy throughout the day with late afternoon rain.,rain,,workday
7/4/2023,27.7,21.1,69.7,20.227,rain,0,21.6,15.5,219,19,10,60,2023-07-04T05:48:03,2023-07-04T20:36:57,"Rain, Partially cloudy",Partly cloudy throughout the day with early morning rain.,rain,,holidays
7/5/2023,28.2,21.5,67.7,0,nothing,0,24.4,15,127.3,11,9,30,2023-07-05T05:48:35,2023-07-05T20:36:44,Partially cloudy,Partly cloudy throughout the day.,partly-cloudy-day,,workday
7/6/2023,27.6,22.4,74.6,3.792,rain,0,21.8,15.4,150.1,13,10,30,2023-07-06T05:49:09,2023-07-06T20:36:30,"Rain, Partially cloudy",Becoming cloudy in the afternoon with afternoon rain.,rain,,workday
7/7/2023,26.9,22.6,77.8,17.779,rain,0,17.2,15,179.3,15.6,9,30,2023-07-07T05:49:45,2023-07-07T20:36:13,"Rain, Partially cloudy",Becoming cloudy in the afternoon with afternoon rain.,rain,,workday
7/8/2023,27.1,22.6,77.2,10.992,rain,0,31.2,15.4,179.3,15.3,8,60,2023-07-08T05:50:21,2023-07-08T20:35:55,"Rain, Partially cloudy",Partly cloudy throughout the day with rain.,rain,,workday
7/9/2023,25.3,21.7,81.2,3.215,rain,0,22.7,15.6,111,9.5,5,60,2023-07-09T05:50:58,2023-07-09T20:35:34,"Rain, Partially cloudy",Partly cloudy throughout the day with afternoon rain.,rain,,workday
7/10/2023,25.9,18.2,64.5,0,nothing,0,20.4,16,216.3,18.7,9,10,2023-07-10T05:51:37,2023-07-10T20:35:12,Partially cloudy,Partly cloudy throughout the day.,partly-cloudy-day,,workday
7/11/2023,27.2,15.5,50.6,0,nothing,0,16,16,241.2,20.9,10,10,2023-07-11T05:52:17,2023-07-11T20:34:48,Partially cloudy,Partly cloudy throughout the day.,partly-cloudy-day,,workday
7/12/2023,27.9,17.8,55.8,0,nothing,0,19.6,15.9,228.1,19.6,9,10,2023-07-12T05:52:57,2023-07-12T20:34:22,Partially cloudy,Becoming cloudy in the afternoon.,partly-cloudy-day,,workday
7/13/2023,29,20.6,61.7,0,nothing,0,28.1,15.9,231.5,20.1,10,30,2023-07-13T05:53:39,2023-07-13T20:33:54,Partially cloudy,Partly cloudy throughout the day.,partly-cloudy-day,,workday
7/14/2023,27.1,20.1,66.1,31.247,rain,0,23.5,15.8,176.6,15.3,10,30,2023-07-14T05:54:21,2023-07-14T20:33:25,"Rain, Partially cloudy",Partly cloudy throughout the day with late afternoon rain.,rain,,workday
7/15/2023,26.5,23.1,82.3,0.323,rain,0,31,15.2,161.7,14,9,60,2023-07-15T05:55:04,2023-07-15T20:32:53,"Rain, Partially cloudy",Partly cloudy throughout the day with late afternoon rain.,rain,,workday
7/16/2023,26.5,23,82,3.587,rain,0,10.8,15.7,121,10.4,8,60,2023-07-16T05:55:49,2023-07-16T20:32:20,"Rain, Partially cloudy",Partly cloudy throughout the day with rain.,rain,,workday
7/17/2023,27.6,20.5,66.7,0,nothing,0,21,11.2,191.8,16.7,7,30,2023-07-17T05:56:34,2023-07-17T20:31:44,Partially cloudy,Partly cloudy throughout the day.,partly-cloudy-day,,workday
7/18/2023,27.8,19.2,61.3,0,nothing,0,17.6,12.7,227.8,19.6,8,10,2023-07-18T05:57:19,2023-07-18T20:31:07,Partially cloudy,Clearing in the afternoon.,partly-cloudy-day,,workday
7/19/2023,26.5,21.5,74.7,12.244,rain,0,15.4,14.9,202.9,17.4,9,60,2023-07-19T05:58:06,2023-07-19T20:30:29,"Rain, Partially cloudy",Partly cloudy throughout the day with rain clearing later.,rain,,workday
7/20/2023,27.5,20.6,67.4,0,nothing,0,17.4,14.3,190,16.4,9,60,2023-07-20T05:58:53,2023-07-20T20:29:48,Partially cloudy,Becoming cloudy in the afternoon.,partly-cloudy-day,,workday
7/21/2023,26.3,19.3,67.5,9.595,rain,0,41.4,15.4,152,13.2,9,30,2023-07-21T05:59:41,2023-07-21T20:29:06,"Rain, Partially cloudy",Partly cloudy throughout the day with rain clearing later.,rain,,workday
7/22/2023,25.6,16.2,57.3,0,nothing,0,19.1,16,177.1,15.3,8,10,2023-07-22T06:00:29,2023-07-22T20:28:22,Partially cloudy,Partly cloudy throughout the day.,partly-cloudy-day,,workday
7/23/2023,26,18.2,63.5,0,nothing,0,20.3,16,187.9,16.1,9,10,2023-07-23T06:01:18,2023-07-23T20:27:36,Partially cloudy,Partly cloudy throughout the day.,partly-cloudy-day,,workday
7/24/2023,26.1,20.7,72.9,1.159,rain,0,18.3,16,168.8,14.7,8,30,2023-07-24T06:02:07,2023-07-24T20:26:48,"Rain, Partially cloudy",Partly cloudy throughout the day with morning rain.,rain,,workday
7/25/2023,26.4,21.7,76.6,0.063,rain,0,15.9,15.9,221.5,19.3,9,30,2023-07-25T06:02:57,2023-07-25T20:25:59,"Rain, Partially cloudy",Partly cloudy throughout the day with late afternoon rain.,rain,,workday
7/26/2023,26.3,20.9,73.5,0,nothing,0,23,15.7,217,18.8,9,30,2023-07-26T06:03:48,2023-07-26T20:25:09,Partially cloudy,Partly cloudy throughout the day.,partly-cloudy-day,,workday
7/27/2023,29.3,22.9,70.4,0.143,rain,0,30.1,15.6,134.5,11.7,8,60,2023-07-27T06:04:39,2023-07-27T20:24:16,"Rain, Partially cloudy",Partly cloudy throughout the day with late afternoon rain.,rain,,workday
7/28/2023,29.9,23.2,68.4,2.362,rain,0,24.5,15.7,207.5,17.9,9,60,2023-07-28T06:05:30,2023-07-28T20:23:22,"Rain, Partially cloudy",Partly cloudy throughout the day with late afternoon rain.,rain,,workday
7/29/2023,27.6,21.8,72.1,12.091,rain,0,47,16,201.2,17.6,9,60,2023-07-29T06:06:22,2023-07-29T20:22:27,"Rain, Partially cloudy",Partly cloudy throughout the day with late afternoon rain.,rain,,workday
7/30/2023,26.2,16.4,56.4,0,nothing,0,21.5,16,224.4,19.2,9,10,2023-07-30T06:07:14,2023-07-30T20:21:30,Partially cloudy,Partly cloudy throughout the day.,partly-cloudy-day,,workday
7/31/2023,25.2,16.8,62.7,9.369,rain,0,21.8,15.6,213.3,18.5,10,10,2023-07-31T06:08:06,2023-07-31T20:20:31,"Rain, Partially cloudy",Partly cloudy throughout the day with early morning rain.,rain,,workday
8/1/2023,23.4,14.4,57.8,0,nothing,0,20,16,178.9,15.4,6,10,2023-08-01T06:08:59,2023-08-01T20:19:31,Partially cloudy,Partly cloudy throughout the day.,partly-cloudy-day,,workday
8/2/2023,23.7,15,60.1,0,nothing,0,17.8,15.9,215.7,18.7,8,10,2023-08-02T06:09:52,2023-08-02T20:18:30,Partially cloudy,Partly cloudy throughout the day.,partly-cloudy-day,,workday
8/3/2023,22.3,16.9,72.4,1.108,rain,0,36.1,15,109,9.4,8,10,2023-08-03T06:10:45,2023-08-03T20:17:27,"Rain, Partially cloudy",Partly cloudy throughout the day with rain.,rain,,workday
8/4/2023,22.7,19.1,80.8,0.91,rain,0,30.6,13.7,93.4,8.1,4,10,2023-08-04T06:11:38,2023-08-04T20:16:22,"Rain, Partially cloudy",Partly cloudy throughout the day with rain clearing later.,rain,,workday
8/5/2023,25.6,20.1,73.7,0,nothing,0,14,15.8,200.5,17.3,9,10,2023-08-05T06:12:32,2023-08-05T20:15:17,Partially cloudy,Partly cloudy throughout the day.,partly-cloudy-day,,workday
8/6/2023,25.8,21.5,78.6,12.002,rain,0,23.3,14.6,184.5,15.9,8,10,2023-08-06T06:13:25,2023-08-06T20:14:10,"Rain, Partially cloudy",Partly cloudy throughout the day with late afternoon rain.,rain,,workday
8/7/2023,25.5,22.4,83.6,9.191,rain,0,56,15.5,137.3,11.8,9,60,2023-08-07T06:14:19,2023-08-07T20:13:01,"Rain, Partially cloudy",Partly cloudy throughout the day with late afternoon rain.,rain,,workday
8/8/2023,25.6,17,62.3,12.568,rain,0,37.9,15.5,158.5,13.9,7,10,2023-08-08T06:15:13,2023-08-08T20:11:52,"Rain, Partially cloudy",Clearing in the afternoon with early morning rain.,rain,,workday
8/9/2023,26,16.8,57,0,nothing,0,21.4,16,157.5,13.5,9,10,2023-08-09T06:16:07,2023-08-09T20:10:41,Partially cloudy,Becoming cloudy in the afternoon.,partly-cloudy-day,,workday
8/10/2023,25.4,20.7,75.5,2.554,rain,0,24.2,15.4,102.3,8.9,6,30,2023-08-10T06:17:01,2023-08-10T20:09:29,"Rain, Partially cloudy",Partly cloudy throughout the day with late afternoon rain.,rain,,workday
8/11/2023,26,18.2,63.5,0,nothing,0,14.6,15.9,164.3,14.2,7,10,2023-08-11T06:17:55,2023-08-11T20:08:15,Partially cloudy,Partly cloudy throughout the day.,partly-cloudy-day,,workday
8/12/2023,27.3,21.1,70.2,0,nothing,0,24.5,16,165.6,14.3,9,30,2023-08-12T06:18:50,2023-08-12T20:07:01,Partially cloudy,Partly cloudy throughout the day.,partly-cloudy-day,,workday
8/13/2023,28.8,19.9,60.4,0,nothing,0,26.2,16,198.7,17.2,9,10,2023-08-13T06:19:44,2023-08-13T20:05:45,Partially cloudy,Partly cloudy throughout the day.,partly-cloudy-day,,workday
8/14/2023,26.8,21.4,73.7,11.513,rain,0,21.4,15.4,113.9,9.7,5,30,2023-08-14T06:20:38,2023-08-14T20:04:29,"Rain, Partially cloudy",Partly cloudy throughout the day with rain.,rain,,workday
8/15/2023,26.8,23,79.8,9.841,rain,0,19.8,15,87,7.5,8,30,2023-08-15T06:21:32,2023-08-15T20:03:11,"Rain, Partially cloudy",Partly cloudy throughout the day with rain.,rain,,workday
8/16/2023,26.1,17.5,60.1,0.022,rain,0,19,16,217.2,18.8,9,10,2023-08-16T06:22:27,2023-08-16T20:01:52,"Rain, Partially cloudy",Becoming cloudy in the afternoon with early morning rain.,rain,,workday
8/17/2023,26.9,20.7,70,0,nothing,0,20.4,16,166.5,14.2,9,30,2023-08-17T06:23:21,2023-08-17T20:00:32,Partially cloudy,Partly cloudy throughout the day.,partly-cloudy-day,,workday
8/18/2023,25.7,16.4,59.8,0.022,rain,0,25.7,15.9,200.3,17.3,9,30,2023-08-18T06:24:15,2023-08-18T19:59:11,"Rain, Partially cloudy",Partly cloudy throughout the day with early morning rain.,rain,,workday
8/19/2023,23,11.5,49.8,0,nothing,0,17.6,16,211.6,18.4,9,10,2023-08-19T06:25:10,2023-08-19T19:57:50,Clear,Clear conditions throughout the day.,clear-day,,workday
8/20/2023,24.9,17.2,63.9,0,nothing,0,19.6,16,217.9,19,8,10,2023-08-20T06:26:04,2023-08-20T19:56:27,Clear,Clear conditions throughout the day.,clear-day,,workday
8/21/2023,27.7,20.3,66.5,0,nothing,0,17.4,15.9,177.6,15.5,9,10,2023-08-21T06:26:58,2023-08-21T19:55:03,Partially cloudy,Partly cloudy throughout the day.,partly-cloudy-day,,workday
8/22/2023,25.8,16,57.4,0,nothing,0,25.4,15.7,224.1,19.3,8,10,2023-08-22T06:27:52,2023-08-22T19:53:39,Partially cloudy,Partly cloudy throughout the day.,partly-cloudy-day,,workday
8/23/2023,23.2,14.3,59.1,0,nothing,0,21.2,16,203.2,17.6,9,10,2023-08-23T06:28:46,2023-08-23T19:52:14,Partially cloudy,Becoming cloudy in the afternoon.,partly-cloudy-day,,workday
8/24/2023,24,17.3,66,0,nothing,0,22.8,16,126,10.9,8,10,2023-08-24T06:29:40,2023-08-24T19:50:48,Overcast,Cloudy skies throughout the day.,cloudy,,workday
8/25/2023,27,21.3,72.2,11.287,rain,0,28.5,15.7,188.7,16.5,9,30,2023-08-25T06:30:34,2023-08-25T19:49:21,"Rain, Partially cloudy",Partly cloudy throughout the day with late afternoon rain.,rain,,workday
8/26/2023,28.1,21.7,70,0.022,rain,0,23.6,15.9,203.1,17.6,9,30,2023-08-26T06:31:28,2023-08-26T19:47:53,"Rain, Partially cloudy",Partly cloudy throughout the day with early morning rain.,rain,,workday
8/27/2023,27,19,62.2,0,nothing,0,22.8,16,122.1,10.7,6,10,2023-08-27T06:32:22,2023-08-27T19:46:25,Partially cloudy,Partly cloudy throughout the day.,partly-cloudy-day,,workday
8/28/2023,24.3,20.7,80.4,0.284,rain,0,17.3,16,61.1,5.4,2,10,2023-08-28T06:33:16,2023-08-28T19:44:56,"Rain, Partially cloudy",Partly cloudy throughout the day with rain.,rain,,workday
8/29/2023,24.6,21.6,83.7,0.128,rain,0,22.2,15,69.8,5.9,3,10,2023-08-29T06:34:10,2023-08-29T19:43:27,"Rain, Overcast",Cloudy skies throughout the day with a chance of rain throughout the day.,rain,,workday
8/30/2023,26.3,18.1,64.2,0,nothing,0,26.4,15.8,169.2,14.7,7,10,2023-08-30T06:35:04,2023-08-30T19:41:56,Partially cloudy,Partly cloudy throughout the day.,partly-cloudy-day,,workday
8/31/2023,23.2,11.6,50,0,nothing,0,30.4,16,223.8,19.4,9,10,2023-08-31T06:35:57,2023-08-31T19:40:26,Partially cloudy,Partly cloudy throughout the day.,partly-cloudy-day,,workday
9/1/2023,21.8,11,51.4,0,nothing,0,17.3,16,192,16.7,9,10,2023-09-01T06:36:51,2023-09-01T19:38:54,Clear,Clear conditions throughout the day.,clear-day,,workday
9/2/2023,22.7,15.5,65.8,0,nothing,0,20.7,16,204,17.8,8,10,2023-09-02T06:37:45,2023-09-02T19:37:22,Clear,Clear conditions throughout the day.,clear-day,,workday
9/3/2023,27.4,18.3,61.3,0,nothing,0,16.9,16,191.7,16.6,8,10,2023-09-03T06:38:38,2023-09-03T19:35:50,Partially cloudy,Partly cloudy throughout the day.,partly-cloudy-day,,workday
9/4/2023,29.8,19.7,57.5,0,nothing,0,19.9,16,181.4,15.8,8,30,2023-09-04T06:39:32,2023-09-04T19:34:17,Partially cloudy,Partly cloudy throughout the day.,partly-cloudy-day,,holidays
9/5/2023,30,20.3,57.9,0,nothing,0,19.7,16,180.3,15.7,8,30,2023-09-05T06:40:25,2023-09-05T19:32:44,Partially cloudy,Becoming cloudy in the afternoon.,partly-cloudy-day,,workday
9/6/2023,30,20.7,60.1,0,nothing,0,12.4,16,184,15.9,8,60,2023-09-06T06:41:18,2023-09-06T19:31:10,Partially cloudy,Partly cloudy throughout the day.,partly-cloudy-day,,workday
9/7/2023,29.1,21.9,66.8,0,nothing,0,18.6,15.6,134.9,11.7,9,60,2023-09-07T06:42:12,2023-09-07T19:29:36,Partially cloudy,Partly cloudy throughout the day.,partly-cloudy-day,,workday
9/8/2023,27.4,20.3,66.7,10.032,rain,0,21.7,15.7,191,16.3,9,30,2023-09-08T06:43:05,2023-09-08T19:28:01,"Rain, Partially cloudy",Partly cloudy throughout the day with rain.,rain,,workday
9/9/2023,23.6,20.2,82,15.922,rain,0,32.3,15.2,147.9,12.8,9,60,2023-09-09T06:43:59,2023-09-09T19:26:26,"Rain, Partially cloudy",Partly cloudy throughout the day with rain.,rain,,workday
9/10/2023,23.9,20.4,81.4,3.77,rain,0,9.1,15.6,120.5,10.5,7,30,2023-09-10T06:44:52,2023-09-10T19:24:51,"Rain, Partially cloudy",Partly cloudy throughout the day with a chance of rain throughout the day.,rain,,workday
9/11/2023,25.6,20.2,74.2,1.571,rain,0,18.6,15.8,115,9.9,8,30,2023-09-11T06:45:46,2023-09-11T19:23:16,"Rain, Partially cloudy",Partly cloudy throughout the day with rain clearing later.,rain,,workday
9/12/2023,26.1,20.4,72.3,0.184,rain,0,18.5,16,175.9,15,8,30,2023-09-12T06:46:39,2023-09-12T19:21:40,"Rain, Partially cloudy",Becoming cloudy in the afternoon with afternoon rain.,rain,,workday
9/13/2023,24.8,16.9,63.6,0,nothing,0,20,16,195,17.1,8,30,2023-09-13T06:47:32,2023-09-13T19:20:05,Partially cloudy,Partly cloudy throughout the day.,partly-cloudy-day,,workday
9/14/2023,23,12,51.7,0.022,rain,0,23.1,16,201.7,17.5,8,10,2023-09-14T06:48:26,2023-09-14T19:18:29,"Rain, Partially cloudy",Partly cloudy throughout the day with early morning rain.,rain,,workday
9/15/2023,20,9.4,51.5,0,nothing,0,25.2,16,210.1,18,8,10,2023-09-15T06:49:19,2023-09-15T19:16:52,Clear,Clear conditions throughout the day.,clear-day,,workday
9/16/2023,20.7,10.4,53.9,0,nothing,0,24.8,16,223.1,19.1,8,10,2023-09-16T06:50:13,2023-09-16T19:15:16,Clear,Clear conditions throughout the day.,clear-day,,workday
9/17/2023,19.9,15.5,76.6,0.899,rain,0,24.6,15.9,58.9,5.3,3,10,2023-09-17T06:51:07,2023-09-17T19:13:40,"Rain, Partially cloudy",Partly cloudy throughout the day with rain.,rain,,workday
9/18/2023,20.9,14,67.2,0.528,rain,0,28.8,16,127.6,11.2,6,10,2023-09-18T06:52:00,2023-09-18T19:12:03,"Rain, Partially cloudy",Partly cloudy throughout the day with rain clearing later.,rain,,workday
9/19/2023,20.9,11,55,0,nothing,0,25.9,16,206.5,17.9,8,10,2023-09-19T06:52:54,2023-09-19T19:10:27,Partially cloudy,Becoming cloudy in the afternoon.,partly-cloudy-day,,workday
9/20/2023,20.6,11.3,57.7,0,nothing,0,12.1,16,170.8,14.7,8,10,2023-09-20T06:53:48,2023-09-20T19:08:50,Partially cloudy,Becoming cloudy in the afternoon.,partly-cloudy-day,,workday
9/21/2023,20.9,13.1,63.3,0,nothing,0,12.6,16,155.1,13.4,8,10,2023-09-21T06:54:42,2023-09-21T19:07:14,Partially cloudy,Partly cloudy throughout the day.,partly-cloudy-day,,workday
9/22/2023,19.6,13.3,67.7,0.081,rain,0,33.5,16,105.6,9.1,5,10,2023-09-22T06:55:36,2023-09-22T19:05:37,"Rain, Partially cloudy",Partly cloudy throughout the day with late afternoon rain.,rain,,workday
9/23/2023,16.5,14.6,89,36.63,rain,0,44.3,8.8,16.3,1.3,1,10,2023-09-23T06:56:31,2023-09-23T19:04:01,"Rain, Overcast",Cloudy skies throughout the day with a chance of rain throughout the day.,rain,,workday
9/24/2023,19,17.4,90.4,19.598,rain,0,32.7,11.6,40.9,3.5,2,10,2023-09-24T06:57:25,2023-09-24T19:02:24,"Rain, Overcast",Cloudy skies throughout the day with a chance of rain throughout the day.,rain,,workday
9/25/2023,18.6,15.5,82.5,0.353,rain,0,21.6,15,68.3,5.8,4,10,2023-09-25T06:58:20,2023-09-25T19:00:48,"Rain, Overcast",Cloudy skies throughout the day with late afternoon rain.,rain,,workday
9/26/2023,15.9,14.4,90.7,1.084,rain,0,20.2,10.7,25.6,2.2,1,10,2023-09-26T06:59:14,2023-09-26T18:59:12,"Rain, Overcast",Cloudy skies throughout the day with a chance of rain throughout the day.,rain,,workday
9/27/2023,17.1,11.6,71,0,nothing,0,19.9,16,180.7,15.7,8,10,2023-09-27T07:00:09,2023-09-27T18:57:36,Partially cloudy,Partly cloudy throughout the day.,partly-cloudy-day,,workday
9/28/2023,16.8,12.8,77.5,0,nothing,0,25.8,15.8,78.6,6.7,4,10,2023-09-28T07:01:04,2023-09-28T18:56:01,Partially cloudy,Partly cloudy throughout the day.,partly-cloudy-day,,workday
9/29/2023,18.6,15.6,82.5,0,nothing,0,19.7,14.4,58.8,5.2,2,10,2023-09-29T07:02:00,2023-09-29T18:54:25,Overcast,Cloudy skies throughout the day.,cloudy,,workday
9/30/2023,20.4,15.9,76.1,0,nothing,0,22.5,16,94.1,8.1,5,10,2023-09-30T07:02:55,2023-09-30T18:52:50,Overcast,Cloudy skies throughout the day.,cloudy,,workday
10/1/2023,21.7,15,67.9,0,nothing,0,23.2,16,185.6,16,8,10,2023-10-01T07:03:51,2023-10-01T18:51:16,Clear,Clear conditions throughout the day.,clear-day,,workday
10/2/2023,22.4,15.8,67.7,0,nothing,0,12.4,15.9,165.2,14.3,7,10,2023-10-02T07:04:47,2023-10-02T18:49:41,Partially cloudy,Becoming cloudy in the afternoon.,partly-cloudy-day,,workday
10/3/2023,23,16.8,71.2,0,nothing,0,11.9,15.7,166.8,14.5,7,10,2023-10-03T07:05:43,2023-10-03T18:48:07,Partially cloudy,Partly cloudy throughout the day.,partly-cloudy-day,,workday
10/4/2023,21.8,16.2,72.8,0,nothing,0,14.2,14.9,174.6,14.9,7,10,2023-10-04T07:06:39,2023-10-04T18:46:34,Partially cloudy,Partly cloudy throughout the day.,partly-cloudy-day,,workday
10/5/2023,20.7,16.4,77.3,0,nothing,0,16.3,15.7,131.1,11.4,5,10,2023-10-05T07:07:36,2023-10-05T18:45:00,Partially cloudy,Partly cloudy throughout the day.,partly-cloudy-day,,workday
10/6/2023,22.3,19.2,82.9,0,nothing,0,10.6,15.7,79.5,6.9,5,10,2023-10-06T07:08:33,2023-10-06T18:43:28,Partially cloudy,Partly cloudy throughout the day.,partly-cloudy-day,,workday
10/7/2023,17.8,11,67.4,2.089,rain,0,31.2,15.5,112.7,9.8,6,10,2023-10-07T07:09:30,2023-10-07T18:41:56,"Rain, Partially cloudy",Partly cloudy throughout the day with rain in the morning and afternoon.,rain,,workday
10/8/2023,12.9,2.5,51.1,0,nothing,0,31.1,16,159.6,13.8,8,10,2023-10-08T07:10:28,2023-10-08T18:40:24,Partially cloudy,Partly cloudy throughout the day.,partly-cloudy-day,,workday
10/9/2023,12.8,4.4,57.7,0,nothing,0,21.7,16,87.8,7.6,6,10,2023-10-09T07:11:26,2023-10-09T18:38:53,Partially cloudy,Partly cloudy throughout the day.,partly-cloudy-day,,holidays
10/10/2023,15,8.3,67.2,0,nothing,0,14.8,16,161.5,13.8,7,10,2023-10-10T07:12:24,2023-10-10T18:37:22,Partially cloudy,Partly cloudy throughout the day.,partly-cloudy-day,,workday
10/11/2023,16.1,7.1,59.7,0,nothing,0,16.1,16,157.9,13.8,7,10,2023-10-11T07:13:22,2023-10-11T18:35:52,Partially cloudy,Partly cloudy throughout the day.,partly-cloudy-day,,workday
10/12/2023,17.2,8.5,59.3,0,nothing,0,12.1,15.8,166.7,14.4,7,10,2023-10-12T07:14:21,2023-10-12T18:34:23,Partially cloudy,Clearing in the afternoon.,partly-cloudy-day,,workday
10/13/2023,17,9.4,62.2,0,nothing,0,16.4,16,163.1,14.1,7,10,2023-10-13T07:15:20,2023-10-13T18:32:54,Partially cloudy,Partly cloudy throughout the day.,partly-cloudy-day,,workday
10/14/2023,15.2,12.6,85.1,11.897,rain,0,26.9,12.8,12.5,1.1,1,10,2023-10-14T07:16:19,2023-10-14T18:31:27,"Rain, Overcast",Cloudy skies throughout the day with rain.,rain,,workday
10/15/2023,13,6.8,67.8,1.091,rain,0,32.6,15.3,96.1,8.5,5,10,2023-10-15T07:17:19,2023-10-15T18:30:00,"Rain, Partially cloudy",Partly cloudy throughout the day with early morning rain.,rain,,workday
10/16/2023,12.5,6,65,0,nothing,0,24.9,16,109.2,9.6,6,10,2023-10-16T07:18:19,2023-10-16T18:28:33,Partially cloudy,Becoming cloudy in the afternoon.,partly-cloudy-day,,workday
10/17/2023,13.6,7.9,69.7,0,nothing,0,22,16,70,6.2,3,10,2023-10-17T07:19:20,2023-10-17T18:27:08,Partially cloudy,Partly cloudy throughout the day.,partly-cloudy-day,,workday
10/18/2023,13.6,6.7,65.1,0,nothing,0,16,16,103.5,9,6,10,2023-10-18T07:20:20,2023-10-18T18:25:43,Partially cloudy,Becoming cloudy in the afternoon.,partly-cloudy-day,,workday
10/19/2023,14.8,9.7,73,0,nothing,0,23.2,16,148,12.9,7,10,2023-10-19T07:21:21,2023-10-19T18:24:20,Partially cloudy,Becoming cloudy in the afternoon.,partly-cloudy-day,,workday
10/20/2023,15.9,12.4,80.3,1.137,rain,0,19.8,15.8,42,3.7,2,10,2023-10-20T07:22:23,2023-10-20T18:22:57,"Rain, Overcast",Cloudy skies throughout the day with rain.,rain,,workday
10/21/2023,15.4,7.7,62.3,0.022,rain,0,37,15.9,108.7,9.5,7,10,2023-10-21T07:23:25,2023-10-21T18:21:35,"Rain, Partially cloudy",Partly cloudy throughout the day with early morning rain.,rain,,workday
10/22/2023,13.8,4.2,54.7,0,nothing,0,35.3,16,120.3,10.4,7,10,2023-10-22T07:24:27,2023-10-22T18:20:14,Partially cloudy,Partly cloudy throughout the day.,partly-cloudy-day,,workday
10/23/2023,12.1,1.8,50.9,0,nothing,0,22.6,16,151.3,13.1,7,10,2023-10-23T07:25:29,2023-10-23T18:18:55,Clear,Clear conditions throughout the day.,clear-day,,workday
10/24/2023,13,6.1,66,0,nothing,0,16.2,16,156.5,13.6,6,10,2023-10-24T07:26:32,2023-10-24T18:17:36,Clear,Clear conditions throughout the day.,clear-day,,workday
10/25/2023,16.3,7.6,59.5,0,nothing,0,15.7,16,156.9,13.6,6,10,2023-10-25T07:27:35,2023-10-25T18:16:18,Partially cloudy,Partly cloudy throughout the day.,partly-cloudy-day,,workday
10/26/2023,18.4,10.9,63.7,0,nothing,0,12.6,16,145.1,12.6,6,10,2023-10-26T07:28:39,2023-10-26T18:15:02,Partially cloudy,Becoming cloudy in the afternoon.,partly-cloudy-day,,workday
10/27/2023,20.3,14.8,72.7,0,nothing,0,15.7,16,95.1,8.2,6,10,2023-10-27T07:29:43,2023-10-27T18:13:47,Partially cloudy,Partly cloudy throughout the day.,partly-cloudy-day,,workday
10/28/2023,21.7,15.5,70.6,0,nothing,0,16.2,16,122.4,10.5,6,10,2023-10-28T07:30:47,2023-10-28T18:12:33,Partially cloudy,Becoming cloudy in the afternoon.,partly-cloudy-day,,workday
10/29/2023,20.7,16.5,77.4,0.989,rain,0,17.2,15.8,80.3,6.9,4,10,2023-10-29T07:31:51,2023-10-29T18:11:20,"Rain, Overcast",Cloudy skies throughout the day with late afternoon rain.,rain,,workday
10/30/2023,17.1,12.7,75.9,0.889,rain,0,36.5,16,90.5,7.8,6,10,2023-10-30T07:32:56,2023-10-30T18:10:08,"Rain, Partially cloudy",Partly cloudy throughout the day with late afternoon rain.,rain,,workday
10/31/2023,10.3,0.4,50.9,0.016,rain,0,24.7,16,84.3,7.4,6,10,2023-10-31T07:34:01,2023-10-31T18:08:58,"Rain, Partially cloudy",Partly cloudy throughout the day with early morning rain.,rain,,workday
11/1/2023,6.8,-3.2,50.1,0,nothing,0,35.7,16,122.3,10.5,6,10,2023-11-01T07:35:06,2023-11-01T18:07:49,Partially cloudy,Clearing in the afternoon.,partly-cloudy-day,,workday
11/2/2023,6.4,-4.4,47.7,0,nothing,0,19.1,16,133.9,11.6,6,10,2023-11-02T07:36:12,2023-11-02T18:06:42,Partially cloudy,Partly cloudy throughout the day.,partly-cloudy-day,,workday
11/3/2023,8.9,0.7,59.7,0,nothing,0,20,16,135.6,11.5,6,10,2023-11-03T07:37:18,2023-11-03T18:05:36,Clear,Clear conditions throughout the day.,clear-day,,workday
11/4/2023,11.9,2.9,59.1,0,nothing,0,14.1,16,126.8,10.9,6,10,2023-11-04T07:38:23,2023-11-04T18:04:31,Partially cloudy,Becoming cloudy in the afternoon.,partly-cloudy-day,,workday
11/5/2023,13.5,4.4,57.4,0,nothing,0,20,15.9,132.4,11.9,6,10,2023-11-05T06:39:30,2023-11-05T17:03:28,Partially cloudy,Partly cloudy throughout the day.,partly-cloudy-day,,workday
11/6/2023,13.2,6.1,63,0,nothing,0,14.2,16,123.8,10.7,5,10,2023-11-06T06:40:36,2023-11-06T17:02:26,Partially cloudy,Partly cloudy throughout the day.,partly-cloudy-day,,workday
11/7/2023,17.5,8.3,57.1,0,nothing,0,19.8,15.9,52.5,4.6,3,10,2023-11-07T06:41:43,2023-11-07T17:01:26,Partially cloudy,Partly cloudy throughout the day.,partly-cloudy-day,,workday
11/8/2023,13.3,4.3,55.5,0,nothing,0,20.2,16,139.1,11.9,6,10,2023-11-08T06:42:49,2023-11-08T17:00:28,Partially cloudy,Partly cloudy throughout the day.,partly-cloudy-day,,workday
11/9/2023,15.9,10.2,70.9,0.083,rain,0,21.4,15.6,118.7,10.2,5,10,2023-11-09T06:43:56,2023-11-09T16:59:31,"Rain, Partially cloudy",Partly cloudy throughout the day with rain.,rain,,workday
11/10/2023,9.7,4.8,73.5,3.979,rain,0,19.8,15.3,10.8,1,1,10,2023-11-10T06:45:03,2023-11-10T16:58:36,"Rain, Partially cloudy",Partly cloudy throughout the day with rain in the morning and afternoon.,rain,,holidays
11/11/2023,8.9,3.1,70.3,0,nothing,0,16.4,15.8,122.4,10.6,6,10,2023-11-11T06:46:10,2023-11-11T16:57:42,Partially cloudy,Partly cloudy throughout the day.,partly-cloudy-day,,workday
11/12/2023,7.5,0.7,63.6,0,nothing,0,20.1,16,105.2,9.1,5,10,2023-11-12T06:47:16,2023-11-12T16:56:51,Partially cloudy,Partly cloudy throughout the day.,partly-cloudy-day,,workday
11/13/2023,7.2,1.4,67.8,0,nothing,0,21.5,16,130,11.2,5,10,2023-11-13T06:48:23,2023-11-13T16:56:01,Clear,Clear conditions throughout the day.,clear-day,,workday
11/14/2023,10.4,0.7,53.2,0,nothing,0,22.5,16,134.3,11.5,6,10,2023-11-14T06:49:30,2023-11-14T16:55:12,Partially cloudy,Partly cloudy throughout the day.,partly-cloudy-day,,workday
11/15/2023,9.5,2.8,64.7,0,nothing,0,21.3,16,91.8,8,4,10,2023-11-15T06:50:37,2023-11-15T16:54:26,Partially cloudy,Partly cloudy throughout the day.,partly-cloudy-day,,workday
11/16/2023,12.2,3,56.6,0,nothing,0,14.8,16,127.8,11,5,10,2023-11-16T06:51:43,2023-11-16T16:53:41,Partially cloudy,Partly cloudy throughout the day.,partly-cloudy-day,,workday
11/17/2023,14.4,9.4,73.2,0.129,rain,0,22.5,15.8,87,7.4,4,10,2023-11-17T06:52:50,2023-11-17T16:52:59,"Rain, Partially cloudy",Partly cloudy throughout the day with late afternoon rain.,rain,,workday
11/18/2023,12.8,4.9,62.3,0.471,rain,0,31.7,15.9,115.8,10,5,10,2023-11-18T06:53:56,2023-11-18T16:52:18,"Rain, Partially cloudy",Clearing in the afternoon with early morning rain.,rain,,workday
11/19/2023,9.8,-1.8,46.3,0,nothing,0,20.2,16,126.1,10.9,5,10,2023-11-19T06:55:02,2023-11-19T16:51:39,Clear,Clear conditions throughout the day.,clear-day,,workday
11/20/2023,7.2,-1.5,55.1,0,nothing,0,17.4,16,68.7,5.9,3,10,2023-11-20T06:56:08,2023-11-20T16:51:02,Partially cloudy,Partly cloudy throughout the day.,partly-cloudy-day,,workday
11/21/2023,9,5.6,80.2,46.04,rain,0,26,10.9,8.4,0.7,0,10,2023-11-21T06:57:13,2023-11-21T16:50:27,"Rain, Overcast",Cloudy skies throughout the day with rain.,rain,,workday
11/22/2023,12,7,73.1,5.424,rain,0,33.1,15.2,90.3,7.9,6,10,2023-11-22T06:58:18,2023-11-22T16:49:54,"Rain, Partially cloudy",Partly cloudy throughout the day with early morning rain.,rain,,workday
11/23/2023,10.1,1,54.4,0,nothing,0,25.4,16,122.2,10.4,5,10,2023-11-23T06:59:22,2023-11-23T16:49:23,Clear,Clear conditions throughout the day.,clear-day,,holidays
11/24/2023,8.6,0.3,56.9,0,nothing,0,28.2,16,90.4,7.8,5,10,2023-11-24T07:00:26,2023-11-24T16:48:54,Partially cloudy,Partly cloudy throughout the day.,partly-cloudy-day,,workday
11/25/2023,3.7,-6.1,49.4,0,nothing,0,24.4,16,120,10.2,5,10,2023-11-25T07:01:30,2023-11-25T16:48:27,Partially cloudy,Clearing in the afternoon.,partly-cloudy-day,,workday
11/26/2023,5.3,2,79.7,3.503,rain,0,12.9,12.5,41.4,3.6,2,10,2023-11-26T07:02:33,2023-11-26T16:48:02,"Rain, Overcast",Cloudy skies throughout the day with rain.,rain,,workday
11/27/2023,6.1,-1.2,62,0.092,rain,0,32.8,15.9,92.1,8,5,10,2023-11-27T07:03:35,2023-11-27T16:47:39,"Rain, Partially cloudy",Partly cloudy throughout the day with morning rain.,rain,,workday
11/28/2023,2.1,-9.8,42.2,0.022,rain,0,40.2,16,104,9,4,10,2023-11-28T07:04:37,2023-11-28T16:47:19,"Rain, Partially cloudy",Partly cloudy throughout the day with afternoon rain.,rain,,workday
11/29/2023,0.5,-11.3,41.8,0,nothing,0,16.2,16,114.2,9.8,5,10,2023-11-29T07:05:38,2023-11-29T16:47:00,Partially cloudy,Becoming cloudy in the afternoon.,partly-cloudy-day,,workday
11/30/2023,5.6,-3.8,51.4,0,nothing,0,16.9,16,100.5,8.7,5,10,2023-11-30T07:06:38,2023-11-30T16:46:44,Partially cloudy,Partly cloudy throughout the day.,partly-cloudy-day,,workday
12/1/2023,7.5,2.9,73.4,3.121,rain,0,17.2,14,25.5,2.2,1,10,2023-12-01T07:07:37,2023-12-01T16:46:30,"Rain, Partially cloudy",Partly cloudy throughout the day with rain.,rain,,workday
12/2/2023,9.8,8.8,93.3,0.544,rain,0,10.5,6,43.6,3.9,2,10,2023-12-02T07:08:36,2023-12-02T16:46:18,"Rain, Overcast",Cloudy skies throughout the day with late afternoon rain.,rain,,workday
12/3/2023,11.6,10.9,95.4,20.571,rain,0,11.2,6.4,17.5,1.5,1,10,2023-12-03T07:09:33,2023-12-03T16:46:08,"Rain, Overcast",Cloudy skies throughout the day with rain clearing later.,rain,,workday
12/4/2023,9.9,1.9,58.8,0,nothing,0,24.1,15.7,56.5,4.9,3,10,2023-12-04T07:10:30,2023-12-04T16:46:00,Partially cloudy,Partly cloudy throughout the day.,partly-cloudy-day,,workday
12/5/2023,7.2,-0.8,57.3,0,nothing,0,16,16,81.8,7.1,5,10,2023-12-05T07:11:25,2023-12-05T16:45:55,Partially cloudy,Partly cloudy throughout the day.,partly-cloudy-day,,workday
12/6/2023,5.6,-1.7,60.6,0,nothing,0,28.7,16,34.8,3,2,10,2023-12-06T07:12:20,2023-12-06T16:45:51,Partially cloudy,Partly cloudy throughout the day.,partly-cloudy-day,,workday
12/7/2023,4.9,-3,56.9,0,nothing,0,23,16,27.8,2.4,2,10,2023-12-07T07:13:13,2023-12-07T16:45:50,Partially cloudy,Partly cloudy throughout the day.,partly-cloudy-day,,workday
12/8/2023,7.7,1.1,65.1,0,nothing,0,14.4,15.9,88.5,7.7,5,10,2023-12-08T07:14:05,2023-12-08T16:45:51,Partially cloudy,Partly cloudy throughout the day.,partly-cloudy-day,,workday
12/9/2023,8.2,3.3,72.9,0,nothing,0,11,15.8,90.7,8,5,10,2023-12-09T07:14:56,2023-12-09T16:45:54,Partially cloudy,Becoming cloudy in the afternoon.,partly-cloudy-day,,workday
12/10/2023,13.3,11.5,89,26.701,rain,0,36.1,11.8,8.9,0.7,1,10,2023-12-10T07:15:45,2023-12-10T16:46:00,"Rain, Overcast",Cloudy skies throughout the day with rain.,rain,,workday
12/11/2023,4.9,-1.4,66.2,14.282,"rain,snow",0.8,32,14.5,88.9,7.7,5,10,2023-12-11T07:16:33,2023-12-11T16:46:07,"Snow, Rain, Partially cloudy",Partly cloudy throughout the day with rain or snow clearing later.,snow,,workday
12/12/2023,3.8,-3.4,60.2,0,nothing,0,19.8,16,110,9.5,5,10,2023-12-12T07:17:20,2023-12-12T16:46:17,Partially cloudy,Partly cloudy throughout the day.,partly-cloudy-day,,workday
12/13/2023,5.4,-5.1,51.2,0,nothing,0,23,16,90.4,7.7,5,10,2023-12-13T07:18:05,2023-12-13T16:46:29,Partially cloudy,Partly cloudy throughout the day.,partly-cloudy-day,,workday
12/14/2023,3.8,-7.2,46.8,0,nothing,0,12.2,16,98.2,8.5,5,10,2023-12-14T07:18:49,2023-12-14T16:46:43,Clear,Clear conditions throughout the day.,clear-day,,workday
12/15/2023,7.2,-2.8,51.9,0,nothing,0,18.5,16,108.2,9.4,5,10,2023-12-15T07:19:31,2023-12-15T16:46:59,Clear,Clear conditions throughout the day.,clear-day,,workday
12/16/2023,7.7,0.6,63.7,0,nothing,0,13.8,16,91.8,7.8,4,10,2023-12-16T07:20:11,2023-12-16T16:47:17,Partially cloudy,Partly cloudy throughout the day.,partly-cloudy-day,,workday
12/17/2023,9.6,8.3,91.6,39.597,rain,0,27.3,7.7,15.2,1.2,1,10,2023-12-17T07:20:50,2023-12-17T16:47:38,"Rain, Overcast",Cloudy skies throughout the day with rain.,rain,,workday
12/18/2023,10.5,2.7,61.3,20.688,rain,0,42.5,14,80,7,5,10,2023-12-18T07:21:27,2023-12-18T16:48:00,"Rain, Partially cloudy",Partly cloudy throughout the day with rain clearing later.,rain,,workday
12/19/2023,3.7,-6.4,47.9,0,nothing,0,33.9,16,54,4.5,3,10,2023-12-19T07:22:03,2023-12-19T16:48:24,Partially cloudy,Partly cloudy throughout the day.,partly-cloudy-day,,workday
12/20/2023,3,-6.9,50,0,nothing,0,16.2,16,106.4,9.2,5,10,2023-12-20T07:22:36,2023-12-20T16:48:51,Partially cloudy,Partly cloudy throughout the day.,partly-cloudy-day,,workday
12/21/2023,4.6,-3.8,56.2,0,nothing,0,17.6,16,48.8,4.2,3,10,2023-12-21T07:23:08,2023-12-21T16:49:19,Partially cloudy,Partly cloudy throughout the day.,partly-cloudy-day,,workday
12/22/2023,5.6,-0.7,64.3,0,nothing,0,13.7,15.9,90.9,7.9,4,10,2023-12-22T07:23:38,2023-12-22T16:49:49,Partially cloudy,Partly cloudy throughout the day.,partly-cloudy-day,,workday
12/23/2023,6.2,2.4,77.3,0,nothing,0,12.2,16,45,3.9,2,10,2023-12-23T07:24:06,2023-12-23T16:50:21,Partially cloudy,Partly cloudy throughout the day.,partly-cloudy-day,,workday
12/24/2023,7.4,4.5,82.3,0.303,rain,0,10.3,15.8,39.7,3.3,2,10,2023-12-24T07:24:32,2023-12-24T16:50:55,"Rain, Partially cloudy",Partly cloudy throughout the day with morning rain.,rain,,workday
12/25/2023,9,4.5,74.8,0,nothing,0,10.5,14.8,89.3,7.7,4,10,2023-12-25T07:24:57,2023-12-25T16:51:31,Partially cloudy,Partly cloudy throughout the day.,partly-cloudy-day,,holidays
12/26/2023,8.2,7,92.2,2.486,rain,0,14,11,19,1.5,1,10,2023-12-26T07:25:19,2023-12-26T16:52:09,"Rain, Overcast",Cloudy skies throughout the day with a chance of rain throughout the day.,rain,,workday
12/27/2023,10.2,9.3,94.1,26.626,rain,0,16.1,10.6,16.4,1.5,1,10,2023-12-27T07:25:39,2023-12-27T16:52:48,"Rain, Overcast",Cloudy skies throughout the day with a chance of rain throughout the day.,rain,,workday
12/28/2023,11.8,9.6,86.8,1.043,rain,0,16,12.6,42.9,3.7,2,10,2023-12-28T07:25:58,2023-12-28T16:53:30,"Rain, Overcast",Cloudy skies throughout the day with rain clearing later.,rain,,workday
12/29/2023,10,1.4,55.3,0,nothing,0,25.9,16,59.3,5.1,4,10,2023-12-29T07:26:14,2023-12-29T16:54:12,Partially cloudy,Partly cloudy throughout the day.,partly-cloudy-day,,workday
12/30/2023,6.9,-1.8,54.5,0,nothing,0,27.8,16,51.3,4.4,3,10,2023-12-30T07:26:28,2023-12-30T16:54:57,Partially cloudy,Partly cloudy throughout the day.,partly-cloudy-day,,workday
12/31/2023,7,-1.9,53.6,0,nothing,0,22,16,85,7.4,5,10,2023-12-31T07:26:40,2023-12-31T16:55:43,Partially cloudy,Partly cloudy throughout the day.,partly-cloudy-day,,workday
